timestamp,rpm,thrust,severity,health,trend,fault_type,rul
2026-02-27 08:57:54,1200,0.0267,0.1331,100.00,STABLE,Normal,100.00
2026-02-27 08:57:55,1400,0.0411,0.1379,100.00,STABLE,Normal,100.00
2026-02-27 08:57:55,1600,0.0367,0.1258,100.00,STABLE,Normal,100.00
2026-02-27 08:57:56,1800,0.0625,0.1417,100.00,STABLE,Normal,100.00
2026-02-27 08:57:56,2000,0.0838,0.1574,100.00,STABLE,Normal,100.00
2026-02-27 08:57:57,2200,0.1045,0.1673,100.00,STABLE,Normal,100.00
2026-02-27 08:57:57,2400,0.1228,0.1429,100.00,STABLE,Normal,100.00
2026-02-27 08:57:58,2600,0.1192,0.0946,100.00,STABLE,Normal,100.00
2026-02-27 08:57:58,2800,0.1572,0.1220,100.00,STABLE,Normal,100.00
2026-02-27 08:57:59,3000,0.1847,0.1409,100.00,STABLE,Normal,100.00
2026-02-27 08:57:59,3200,0.2021,0.1617,100.00,STABLE,Normal,100.00
2026-02-27 08:58:00,3400,0.2352,0.1174,100.00,STABLE,Normal,100.00
2026-02-27 08:58:01,3600,0.2376,0.1658,100.00,STABLE,Normal,100.00
2026-02-27 08:58:01,3800,0.2820,0.1379,100.00,STABLE,Normal,100.00
2026-02-27 08:58:02,4000,0.2992,0.1640,100.00,STABLE,Normal,100.00
2026-02-27 08:58:02,4200,0.3617,0.1619,100.00,STABLE,Normal,100.00
2026-02-27 08:58:03,4400,0.4040,0.0448,100.00,STABLE,Severe Imbalance,100.00
2026-02-27 08:58:03,4600,0.4478,0.1516,100.00,STABLE,Normal,100.00
2026-02-27 08:58:04,4800,0.4430,0.1259,100.00,STABLE,Normal,100.00
2026-02-27 08:58:04,5000,0.4925,0.1345,100.00,STABLE,Normal,100.00
2026-02-27 08:58:05,5200,0.5093,0.1346,100.00,STABLE,Normal,100.00
2026-02-27 08:58:05,5400,0.5992,0.1377,100.00,STABLE,Normal,100.00
2026-02-27 08:58:06,5600,0.6507,0.1490,100.00,STABLE,Normal,100.00
2026-02-27 08:58:06,5800,0.6892,0.1174,100.00,STABLE,Normal,100.00
2026-02-27 08:58:07,6000,0.7251,0.1118,100.00,STABLE,Normal,100.00
2026-02-27 08:58:08,6200,0.7780,0.1253,100.00,STABLE,Normal,100.00
2026-02-27 08:58:08,6400,0.8592,0.1361,100.00,STABLE,Normal,100.00
2026-02-27 08:58:09,6600,0.8727,0.1019,100.00,STABLE,Normal,100.00
2026-02-27 08:58:09,6800,0.9378,0.0973,100.00,STABLE,Normal,100.00
2026-02-27 08:58:10,7000,0.9877,0.1006,100.00,STABLE,Normal,100.00
2026-02-27 08:58:10,7200,1.0674,0.0955,100.00,STABLE,Normal,100.00
2026-02-27 08:58:11,7400,1.1113,0.0600,100.00,STABLE,Severe Imbalance,100.00
2026-02-27 08:58:11,7600,1.1531,0.0122,100.00,STABLE,Normal,100.00
2026-02-27 08:58:12,7800,1.2253,0.0111,100.00,STABLE,Normal,100.00
2026-02-27 08:58:12,8000,1.2808,0.0264,100.00,STABLE,Normal,100.00
2026-02-27 08:58:13,7800,1.2306,0.0568,100.00,STABLE,Normal,100.00
2026-02-27 08:58:14,7600,1.1492,0.0871,100.00,STABLE,Normal,100.00
2026-02-27 08:58:14,7400,1.0859,0.0426,100.00,STABLE,Normal,100.00
2026-02-27 08:58:15,7200,1.0465,0.0947,100.00,STABLE,Normal,100.00
2026-02-27 08:58:15,7000,0.9720,0.0958,100.00,STABLE,Normal,100.00
2026-02-27 08:58:16,6800,0.9444,0.1218,100.00,STABLE,Normal,100.00
2026-02-27 08:58:16,6600,0.8792,0.0406,100.00,STABLE,Normal,100.00
2026-02-27 08:58:17,6400,0.8530,0.0949,100.00,STABLE,Normal,100.00
2026-02-27 08:58:17,6200,0.7625,0.1076,100.00,STABLE,Normal,100.00
2026-02-27 08:58:18,6000,0.7256,0.1283,100.00,STABLE,Normal,100.00
2026-02-27 08:58:18,5800,0.6803,0.1334,100.00,STABLE,Normal,100.00
2026-02-27 08:58:19,5600,0.6281,0.1183,100.00,STABLE,Normal,100.00
2026-02-27 08:58:19,5400,0.5644,0.0945,100.00,STABLE,Severe Imbalance,100.00
2026-02-27 08:58:20,5200,0.5356,0.1557,100.00,STABLE,Normal,100.00
2026-02-27 08:58:21,5000,0.5236,0.1390,100.00,STABLE,Normal,100.00
2026-02-27 08:58:21,4800,0.4592,0.1294,100.00,STABLE,Normal,100.00
2026-02-27 08:58:22,4600,0.4572,0.1544,100.00,STABLE,Normal,100.00
2026-02-27 08:58:22,4400,0.3691,0.1117,100.00,STABLE,Normal,100.00
2026-02-27 08:58:23,4200,0.3516,0.1423,100.00,STABLE,Normal,100.00
2026-02-27 08:58:23,4000,0.3173,0.1703,100.00,STABLE,Normal,100.00
2026-02-27 08:58:24,3800,0.2853,0.1617,100.00,STABLE,Normal,100.00
2026-02-27 08:58:24,3600,0.2584,0.1377,100.00,STABLE,Normal,100.00
2026-02-27 08:58:25,3400,0.2236,0.1297,100.00,STABLE,Normal,100.00
2026-02-27 08:58:25,3200,0.1975,0.1654,100.00,STABLE,Normal,100.00
2026-02-27 08:58:26,3000,0.1875,0.1739,100.00,STABLE,Normal,100.00
2026-02-27 08:58:27,2800,0.1660,0.1068,100.00,STABLE,Normal,100.00
2026-02-27 08:58:27,2600,0.1292,0.1288,100.00,STABLE,Normal,100.00
2026-02-27 08:58:28,2400,0.1346,0.1101,100.00,STABLE,Normal,100.00
2026-02-27 08:58:28,2200,0.1132,0.1387,100.00,STABLE,Normal,100.00
2026-02-27 08:58:29,2000,0.0612,0.1253,100.00,STABLE,Normal,100.00
2026-02-27 08:58:29,1800,0.0740,0.1407,100.00,STABLE,Normal,100.00
2026-02-27 08:58:30,1600,0.0385,0.1574,100.00,STABLE,Normal,100.00
2026-02-27 08:58:30,1400,0.0630,0.0955,100.00,STABLE,Normal,100.00
2026-02-27 08:58:31,1200,0.0137,0.0778,100.00,STABLE,Normal,100.00
2026-02-27 08:58:31,1000,0.0273,0.1124,100.00,STABLE,Normal,100.00
2026-02-27 08:58:32,1200,0.0409,0.1071,100.00,STABLE,Normal,100.00
2026-02-27 08:58:32,1400,0.0394,0.0776,100.00,STABLE,Normal,100.00
2026-02-27 08:58:33,1600,0.0453,0.1442,100.00,STABLE,Normal,100.00
2026-02-27 08:58:34,1800,0.0814,0.1304,100.00,STABLE,Normal,100.00
2026-02-27 08:58:34,2000,0.0810,0.1362,100.00,STABLE,Normal,100.00
2026-02-27 08:58:35,2200,0.1000,0.1286,100.00,STABLE,Normal,100.00
2026-02-27 08:58:35,2400,0.1107,0.1711,100.00,STABLE,Normal,100.00
2026-02-27 08:58:36,2600,0.1183,0.0724,100.00,STABLE,Normal,100.00
2026-02-27 08:58:36,2800,0.1612,0.1734,100.00,STABLE,Normal,100.00
2026-02-27 08:58:37,3000,0.1765,0.1778,100.00,STABLE,Normal,100.00
2026-02-27 08:58:37,3200,0.2007,0.1807,100.00,STABLE,Normal,100.00
2026-02-27 08:58:38,3400,0.2332,0.1590,100.00,STABLE,Normal,100.00
2026-02-27 08:58:38,3600,0.2607,0.0594,100.00,STABLE,Normal,100.00
2026-02-27 08:58:39,3800,0.2696,0.1314,100.00,STABLE,Normal,100.00
2026-02-27 09:04:14,1200,0.0355,0.0935,100.00,STABLE,Normal,100.00
2026-02-27 09:04:14,1400,0.0346,0.1087,100.00,STABLE,Normal,100.00
2026-02-27 09:04:15,1600,0.0343,0.1557,100.00,STABLE,Normal,100.00
2026-02-27 09:04:15,1800,0.0881,0.1021,100.00,STABLE,Normal,100.00
2026-02-27 09:04:16,2000,0.0757,0.1518,100.00,STABLE,Normal,100.00
2026-02-27 09:04:17,2200,0.0995,0.1763,100.00,STABLE,Normal,100.00
2026-02-27 09:04:17,2400,0.1159,0.1187,100.00,STABLE,Normal,100.00
2026-02-27 09:04:18,2600,0.1493,0.1746,100.00,STABLE,Normal,100.00
2026-02-27 09:04:18,2800,0.1634,0.1701,100.00,STABLE,Normal,100.00
2026-02-27 09:04:19,3000,0.1845,0.1616,100.00,STABLE,Normal,100.00
2026-02-27 09:04:19,3200,0.2015,0.1774,100.00,STABLE,Normal,100.00
2026-02-27 09:04:20,3400,0.2223,0.1781,100.00,STABLE,Normal,100.00
2026-02-27 09:04:20,3600,0.2538,0.1520,100.00,STABLE,Normal,100.00
2026-02-27 09:04:21,3800,0.2808,0.1192,100.00,STABLE,Normal,100.00
2026-02-27 09:04:22,4000,0.3166,0.1405,100.00,STABLE,Normal,100.00
2026-02-27 09:04:22,4200,0.3470,0.1510,100.00,STABLE,Normal,100.00
2026-02-27 09:04:23,4400,0.4014,0.1631,100.00,STABLE,Normal,100.00
2026-02-27 09:04:23,4600,0.4400,0.1039,100.00,STABLE,Bearing Fault,100.00
2026-02-27 09:04:24,4800,0.4621,0.1416,100.00,STABLE,Normal,100.00
2026-02-27 09:04:24,5000,0.5067,0.1433,100.00,STABLE,Normal,100.00
2026-02-27 09:04:25,5200,0.5259,0.1406,100.00,STABLE,Normal,100.00
2026-02-27 09:04:25,5400,0.5777,0.1126,100.00,STABLE,Normal,100.00
2026-02-27 09:04:26,5600,0.6397,0.1457,100.00,STABLE,Normal,100.00
2026-02-27 09:04:27,5800,0.6833,0.1092,100.00,STABLE,Normal,100.00
2026-02-27 09:04:27,6000,0.7260,0.1315,100.00,STABLE,Normal,100.00
2026-02-27 09:04:28,6200,0.7744,0.1297,100.00,STABLE,Normal,100.00
2026-02-27 09:04:28,6400,0.8218,0.0696,100.00,STABLE,Normal,100.00
2026-02-27 09:04:29,6600,0.8785,0.1111,100.00,STABLE,Normal,100.00
2026-02-27 09:04:29,6800,0.9471,0.1079,100.00,STABLE,Normal,100.00
2026-02-27 09:04:30,7000,0.9988,0.1058,100.00,STABLE,Normal,100.00
2026-02-27 09:04:30,7200,1.0477,0.0435,100.00,STABLE,Normal,100.00
2026-02-27 09:04:31,7400,1.1071,0.0546,100.00,STABLE,Normal,100.00
2026-02-27 09:04:32,7600,1.1576,0.0643,100.00,STABLE,Normal,100.00
2026-02-27 09:04:32,7800,1.2322,0.0341,100.00,STABLE,Normal,100.00
2026-02-27 09:04:33,8000,1.2674,-0.0007,99.99,STABLE,Normal,5249.00
2026-02-27 09:04:33,7800,1.2257,0.0293,100.00,STABLE,Normal,5249.00
2026-02-27 09:04:34,7600,1.1372,0.0538,100.00,STABLE,Normal,5249.00
2026-02-27 09:04:34,7400,1.0983,0.0630,100.00,STABLE,Normal,5249.00
2026-02-27 09:04:35,7200,1.0638,0.0948,100.00,STABLE,Normal,5249.00
2026-02-27 09:04:35,7000,0.9767,0.0476,100.00,STABLE,Normal,5249.00
2026-02-27 09:04:36,6800,0.9389,0.0984,100.00,STABLE,Normal,5249.00
2026-02-27 09:04:37,6600,0.8728,0.1136,100.00,STABLE,Normal,5249.00
2026-02-27 09:04:37,6400,0.8379,0.1265,100.00,STABLE,Normal,5249.00
2026-02-27 09:04:38,6200,0.7647,0.0920,100.00,STABLE,Normal,5249.00
2026-02-27 09:04:38,6000,0.7387,0.1251,100.00,STABLE,Normal,5249.00
2026-02-27 09:04:39,5800,0.6774,0.1401,100.00,STABLE,Normal,5249.00
2026-02-27 09:04:39,5600,0.6303,0.0963,100.00,STABLE,Bearing Fault,5249.00
2026-02-27 09:04:40,5400,0.5796,0.1544,100.00,STABLE,Normal,5249.00
2026-02-27 09:04:40,5200,0.5380,0.1598,100.00,STABLE,Normal,5249.00
2026-02-27 09:04:41,5000,0.4873,0.0791,100.00,STABLE,Normal,5249.00
2026-02-27 09:04:41,4800,0.4548,0.1206,100.00,STABLE,Normal,5249.00
2026-02-27 09:04:42,4600,0.4244,0.1534,100.00,STABLE,Normal,5249.00
2026-02-27 09:04:43,4400,0.3716,0.1140,100.00,STABLE,Normal,5249.00
2026-02-27 09:04:43,4200,0.3570,0.1305,100.00,STABLE,Normal,5249.00
2026-02-27 09:04:44,4000,0.3040,0.1041,100.00,STABLE,Normal,5249.00
2026-02-27 09:04:44,3800,0.2944,0.1353,100.00,STABLE,Normal,5249.00
2026-02-27 09:04:45,3600,0.2469,0.1215,100.00,STABLE,Normal,5249.00
2026-02-27 09:04:45,3400,0.2290,0.1567,100.00,STABLE,Normal,5249.00
2026-02-27 09:04:46,3200,0.2003,0.1708,100.00,STABLE,Normal,5249.00
2026-02-27 09:04:46,3000,0.1748,0.1817,100.00,STABLE,Normal,5249.00
2026-02-27 09:04:47,2800,0.1491,0.1675,100.00,STABLE,Normal,5249.00
2026-02-27 09:04:48,2600,0.1206,0.1211,100.00,STABLE,Normal,5249.00
2026-02-27 09:04:48,2400,0.1458,0.1683,100.00,STABLE,Normal,5249.00
2026-02-27 09:04:49,2200,0.0997,0.0822,100.00,STABLE,Normal,5249.00
2026-02-27 09:04:49,2000,0.0792,0.0877,100.00,STABLE,Normal,5249.00
2026-02-27 09:04:50,1800,0.0695,0.1595,100.00,STABLE,Normal,5249.00
2026-02-27 09:04:50,1600,0.0177,0.0292,100.00,STABLE,Normal,5249.00
2026-02-27 09:04:51,1400,0.0431,0.0850,100.00,STABLE,Normal,5249.00
2026-02-27 09:04:51,1200,0.0232,0.1243,100.00,STABLE,Normal,5249.00
2026-02-27 09:04:52,1000,0.0307,0.1196,100.00,STABLE,Normal,5249.00
2026-02-27 09:04:53,1200,0.0305,0.1336,100.00,STABLE,Normal,5249.00
2026-02-27 09:04:53,1400,0.0484,0.1417,100.00,STABLE,Normal,5249.00
2026-02-27 09:04:54,1600,0.0542,0.1238,100.00,STABLE,Normal,5249.00
2026-02-27 15:21:11,1200,0.0289,0.1027,100.00,STABLE,Normal,100.00
2026-02-27 15:21:11,1400,0.0542,0.1183,100.00,STABLE,Normal,100.00
2026-02-27 15:21:12,1600,0.0351,0.1065,100.00,STABLE,Normal,100.00
2026-02-27 15:21:12,1800,0.0682,0.1642,100.00,STABLE,Normal,100.00
2026-02-27 15:21:13,2000,0.0893,0.1657,100.00,STABLE,Normal,100.00
2026-02-27 15:21:13,2200,0.1038,0.1613,100.00,STABLE,Normal,100.00
2026-02-27 15:21:14,2400,0.1184,0.1754,100.00,STABLE,Normal,100.00
2026-02-27 15:21:14,2600,0.1338,0.1730,100.00,STABLE,Normal,100.00
2026-02-27 15:21:15,2800,0.1717,0.0857,100.00,STABLE,Normal,100.00
2026-02-27 15:21:15,3000,0.1813,0.1400,100.00,STABLE,Normal,100.00
2026-02-27 15:21:16,3200,0.1921,0.1584,100.00,STABLE,Normal,100.00
2026-02-27 15:21:17,3400,0.2225,0.1629,100.00,STABLE,Normal,100.00
2026-02-27 15:21:17,3600,0.2322,0.1623,100.00,STABLE,Normal,100.00
2026-02-27 15:21:18,3800,0.2769,0.1405,100.00,STABLE,Normal,100.00
2026-02-27 15:21:18,4000,0.3031,0.0956,100.00,STABLE,Bearing Fault,100.00
2026-02-27 15:21:19,4200,0.3504,0.1565,100.00,STABLE,Normal,100.00
2026-02-27 15:21:19,4400,0.3978,0.1292,100.00,STABLE,Normal,100.00
2026-02-27 15:21:20,4600,0.4642,0.1569,100.00,STABLE,Normal,100.00
2026-02-27 15:21:20,4800,0.4411,0.1114,100.00,STABLE,Normal,100.00
2026-02-27 15:21:21,5000,0.4973,0.1307,100.00,STABLE,Normal,100.00
2026-02-27 15:21:22,5200,0.5354,0.1513,100.00,STABLE,Normal,100.00
2026-02-27 15:21:22,5400,0.5775,0.1410,100.00,STABLE,Normal,100.00
2026-02-27 15:21:23,5600,0.6192,0.1316,100.00,STABLE,Normal,100.00
2026-02-27 15:21:23,5800,0.6802,0.1190,100.00,STABLE,Normal,100.00
2026-02-27 15:21:24,6000,0.7478,0.0828,100.00,STABLE,Normal,100.00
2026-02-27 15:21:24,6200,0.7625,0.1204,100.00,STABLE,Normal,100.00
2026-02-27 15:21:25,6400,0.8380,0.1294,100.00,STABLE,Normal,100.00
2026-02-27 15:21:25,6600,0.8796,0.0965,100.00,STABLE,Normal,100.00
2026-02-27 15:21:26,6800,0.9422,0.1170,100.00,STABLE,Normal,100.00
2026-02-27 15:21:27,7000,0.9755,0.0854,100.00,STABLE,Normal,100.00
2026-02-27 15:21:27,7200,1.0402,0.0467,100.00,STABLE,Normal,100.00
2026-02-27 15:21:28,7400,1.1056,0.0881,100.00,STABLE,Normal,100.00
2026-02-27 15:21:28,7600,1.1630,0.0638,100.00,STABLE,Normal,100.00
2026-02-27 15:21:29,7800,1.2276,0.0274,100.00,STABLE,Normal,100.00
2026-02-27 15:21:29,8000,1.2806,0.0252,100.00,STABLE,Normal,100.00
2026-02-27 15:21:30,7800,1.2286,0.0246,100.00,STABLE,Normal,100.00
2026-02-27 15:21:30,7600,1.1311,0.0608,100.00,STABLE,Normal,100.00
2026-02-27 15:21:31,7400,1.0842,0.0680,100.00,STABLE,Normal,100.00
2026-02-27 15:21:32,7200,1.0395,0.1012,100.00,STABLE,Normal,100.00
2026-02-27 15:21:32,7000,0.9886,0.0992,100.00,STABLE,Normal,100.00
2026-02-27 15:21:33,6800,0.9241,0.0724,100.00,STABLE,Normal,100.00
2026-02-27 15:21:33,6600,0.8815,0.1095,100.00,STABLE,Normal,100.00
2026-02-27 15:21:34,6400,0.8267,0.1150,100.00,STABLE,Normal,100.00
2026-02-27 15:21:34,6200,0.7720,0.0947,100.00,STABLE,Normal,100.00
2026-02-27 15:21:35,6000,0.7504,0.0808,100.00,STABLE,Normal,100.00
2026-02-27 15:21:35,5800,0.6808,0.0865,100.00,STABLE,Normal,100.00
2026-02-27 15:21:36,5600,0.6178,0.1294,100.00,STABLE,Normal,100.00
2026-02-27 15:21:37,5400,0.5936,0.0918,100.00,STABLE,Normal,100.00
2026-02-27 15:21:37,5200,0.5260,0.1475,100.00,STABLE,Normal,100.00
2026-02-27 15:21:38,5000,0.5192,0.1438,100.00,STABLE,Normal,100.00
2026-02-27 15:21:38,4800,0.4516,0.1631,100.00,STABLE,Normal,100.00
2026-02-27 15:21:39,4600,0.4344,0.1419,100.00,STABLE,Normal,100.00
2026-02-27 15:21:39,4400,0.4022,0.1561,100.00,STABLE,Normal,100.00
2026-02-27 15:21:40,4200,0.3486,0.1706,100.00,STABLE,Normal,100.00
2026-02-27 15:21:40,4000,0.3185,0.0998,100.00,STABLE,Normal,100.00
2026-02-27 15:21:41,3800,0.2662,0.1047,100.00,STABLE,Normal,100.00
2026-02-27 15:21:42,3600,0.2588,0.1608,100.00,STABLE,Normal,100.00
2026-02-27 15:21:42,3400,0.2224,0.1700,100.00,STABLE,Normal,100.00
2026-02-27 15:21:43,3200,0.1974,0.1758,100.00,STABLE,Normal,100.00
2026-02-27 15:21:43,3000,0.1760,0.1658,100.00,STABLE,Normal,100.00
2026-02-27 15:21:44,2800,0.1703,0.1103,100.00,STABLE,Normal,100.00
2026-02-27 15:21:44,2600,0.1384,0.0581,100.00,STABLE,Normal,100.00
2026-02-27 15:21:45,2400,0.1254,0.1484,100.00,STABLE,Normal,100.00
2026-02-27 15:21:45,2200,0.1195,0.0730,100.00,STABLE,Normal,100.00
2026-02-27 15:21:46,2000,0.0770,0.1464,100.00,STABLE,Normal,100.00
2026-02-27 15:21:47,1800,0.0634,0.1437,100.00,STABLE,Normal,100.00
2026-02-27 15:21:47,1600,0.0353,0.1369,100.00,STABLE,Normal,100.00
2026-02-27 15:21:48,1400,0.0413,0.1273,100.00,STABLE,Normal,100.00
2026-02-27 15:21:48,1200,0.0284,0.1035,100.00,STABLE,Normal,100.00
2026-02-27 15:21:49,1000,0.0243,0.1369,100.00,STABLE,Normal,100.00
2026-02-27 15:21:49,1200,0.0469,0.1335,100.00,STABLE,Normal,100.00
2026-02-27 15:21:50,1400,0.0363,0.1456,100.00,STABLE,Normal,100.00
2026-02-27 15:21:50,1600,0.0564,0.1339,100.00,STABLE,Normal,100.00
2026-02-27 15:21:51,1800,0.0746,0.1546,100.00,STABLE,Normal,100.00
2026-02-27 15:21:52,2000,0.0650,0.1726,100.00,STABLE,Normal,100.00
2026-02-27 15:21:52,2200,0.1065,0.1464,100.00,STABLE,Normal,100.00
2026-02-27 15:21:53,2400,0.1183,0.1346,100.00,STABLE,Normal,100.00
2026-02-27 15:21:53,2600,0.1361,0.1516,100.00,STABLE,Normal,100.00
2026-02-27 15:21:54,2800,0.1677,0.1698,100.00,STABLE,Normal,100.00
2026-02-27 15:21:54,3000,0.1721,0.1842,100.00,STABLE,Normal,100.00
2026-02-27 15:21:55,3200,0.2015,0.1643,100.00,STABLE,Normal,100.00
2026-02-27 15:21:55,3400,0.2210,0.1537,100.00,STABLE,Normal,100.00
2026-02-27 15:21:56,3600,0.2464,0.1623,100.00,STABLE,Normal,100.00
2026-02-27 15:21:57,3800,0.2822,0.1689,100.00,STABLE,Normal,100.00
2026-02-27 15:21:57,4000,0.3069,0.1004,100.00,STABLE,Normal,100.00
2026-02-27 15:21:58,4200,0.3496,0.1226,100.00,STABLE,Normal,100.00
2026-02-27 15:21:58,4400,0.3925,0.1615,100.00,STABLE,Normal,100.00
2026-02-27 15:21:59,4600,0.4352,0.1635,100.00,STABLE,Normal,100.00
2026-02-27 15:21:59,4800,0.4412,0.0965,100.00,STABLE,Bearing Fault,100.00
2026-02-27 15:22:00,5000,0.5137,0.1470,100.00,STABLE,Normal,100.00
2026-02-27 15:22:00,5200,0.5238,0.1457,100.00,STABLE,Normal,100.00
2026-02-27 15:22:01,5400,0.5816,0.1258,100.00,STABLE,Normal,100.00
2026-02-27 15:22:02,5600,0.6109,0.1290,100.00,STABLE,Normal,100.00
2026-02-27 15:22:02,5800,0.6941,0.0967,100.00,STABLE,Normal,100.00
2026-02-27 15:22:03,6000,0.7369,0.1198,100.00,STABLE,Normal,100.00
2026-02-27 15:22:03,6200,0.7787,0.1256,100.00,STABLE,Normal,100.00
2026-02-27 15:22:04,6400,0.8326,0.1187,100.00,STABLE,Normal,100.00
2026-02-27 15:22:04,6600,0.8800,0.1051,100.00,STABLE,Normal,100.00
2026-02-27 15:22:05,6800,0.9510,0.1055,100.00,STABLE,Normal,100.00
2026-02-27 15:22:05,7000,0.9832,0.1162,100.00,STABLE,Normal,100.00
2026-02-27 15:22:06,7200,1.0469,0.0256,100.00,STABLE,Normal,100.00
2026-02-27 15:22:07,7400,1.1069,0.0714,100.00,STABLE,Normal,100.00
2026-02-27 15:22:07,7600,1.1519,0.0479,100.00,STABLE,Normal,100.00
2026-02-27 15:22:08,7800,1.2218,0.0560,100.00,STABLE,Normal,100.00
2026-02-27 15:22:08,8000,1.2720,-0.0299,99.70,STABLE,Normal,166.56
2026-02-27 15:22:09,7800,1.2234,0.0296,99.75,STABLE,Normal,200.06
2026-02-27 15:22:09,7600,1.1502,0.0454,99.80,STABLE,Normal,250.38
2026-02-27 15:22:10,7400,1.1213,0.0721,99.85,STABLE,Normal,334.39
2026-02-27 15:22:10,7200,1.0435,0.0693,99.90,STABLE,Normal,503.01
2026-02-27 15:22:11,7000,0.9914,0.0662,99.95,STABLE,Normal,1013.66
2026-02-27 15:22:12,6800,0.9711,0.1154,100.00,STABLE,Normal,1013.66
2026-02-27 15:22:12,6600,0.8848,0.0932,100.00,STABLE,Normal,1013.66
2026-02-27 15:22:13,6400,0.8668,0.0744,100.00,STABLE,Normal,1013.66
2026-02-27 15:22:13,6200,0.7705,0.1246,100.00,STABLE,Normal,1013.66
2026-02-27 15:22:14,6000,0.7398,0.1556,100.00,STABLE,Normal,1013.66
2026-02-27 15:22:14,5800,0.6819,0.1535,100.00,STABLE,Normal,1013.66
2026-02-27 15:22:15,5600,0.6350,0.1439,100.00,STABLE,Normal,1013.66
2026-02-27 15:22:15,5400,0.5762,0.1409,100.00,STABLE,Normal,1013.66
2026-02-27 15:22:16,5200,0.5344,0.1401,100.00,STABLE,Normal,1013.66
2026-02-27 15:22:17,5000,0.5003,0.1502,100.00,STABLE,Normal,1013.66
2026-02-27 15:22:17,4800,0.4571,0.1529,100.00,STABLE,Normal,1013.66
2026-02-27 15:22:18,4600,0.4516,0.1613,100.00,STABLE,Normal,1013.66
2026-02-27 15:22:18,4400,0.4022,0.1414,100.00,STABLE,Normal,1013.66
2026-02-27 15:22:19,4200,0.3536,0.1622,100.00,STABLE,Normal,1013.66
2026-02-27 15:22:19,4000,0.3181,0.0914,100.00,STABLE,Normal,1013.66
2026-02-27 15:22:20,3800,0.2618,0.1228,100.00,STABLE,Normal,1013.66
2026-02-27 15:22:21,3600,0.2654,0.0641,100.00,STABLE,Normal,1013.66
2026-02-27 15:22:21,3400,0.2246,0.1649,100.00,STABLE,Normal,1013.66
2026-02-27 15:22:22,3200,0.1963,0.1755,100.00,STABLE,Normal,1013.66
2026-02-27 15:22:22,3000,0.1717,0.1757,100.00,STABLE,Normal,1013.66
2026-02-27 15:22:23,2800,0.1467,0.1737,100.00,STABLE,Normal,1013.66
2026-02-27 15:22:23,2600,0.1420,0.0968,100.00,STABLE,Normal,1013.66
2026-02-27 15:22:24,2400,0.1343,0.1442,100.00,STABLE,Normal,1013.66
2026-02-27 15:22:24,2200,0.1046,0.1685,100.00,STABLE,Normal,1013.66
2026-02-27 15:22:25,2000,0.0723,0.1464,100.00,STABLE,Normal,1013.66
2026-02-27 15:22:26,1800,0.0715,0.1291,100.00,STABLE,Normal,1013.66
2026-02-27 15:22:26,1600,0.0433,0.1591,100.00,STABLE,Normal,1013.66
2026-02-27 15:22:27,1400,0.0471,0.0448,100.00,STABLE,Normal,1013.66
2026-02-27 15:22:27,1200,0.0295,0.0585,100.00,STABLE,Normal,1013.66
2026-02-27 15:22:28,1000,0.0324,0.0885,100.00,STABLE,Normal,1013.66
2026-02-27 15:22:28,1200,0.0420,0.1109,100.00,STABLE,Normal,1013.66
2026-02-27 15:22:29,1400,0.0420,0.1371,100.00,STABLE,Normal,1013.66
2026-02-27 15:22:29,1600,0.0437,0.1564,100.00,STABLE,Normal,1013.66
2026-02-27 15:22:30,1800,0.0749,0.1092,100.00,STABLE,Normal,1013.66
2026-02-27 15:22:31,2000,0.0542,0.1597,100.00,STABLE,Normal,1013.66
2026-02-27 15:22:31,2200,0.1139,0.1634,100.00,STABLE,Normal,1013.66
2026-02-27 15:22:32,2400,0.1197,0.1000,100.00,STABLE,Normal,1013.66
2026-02-27 15:22:32,2600,0.1362,0.1739,100.00,STABLE,Normal,1013.66
2026-02-27 15:22:33,2800,0.1607,0.1711,100.00,STABLE,Normal,1013.66
2026-02-27 15:22:33,3000,0.1769,0.1572,100.00,STABLE,Normal,1013.66
2026-02-27 15:22:34,3200,0.2007,0.1738,100.00,STABLE,Normal,1013.66
2026-02-27 15:22:34,3400,0.2190,0.1411,100.00,STABLE,Normal,1013.66
2026-02-27 15:22:35,3600,0.2367,0.1549,100.00,STABLE,Normal,1013.66
2026-02-27 15:22:36,3800,0.2839,0.1131,100.00,STABLE,Normal,1013.66
2026-02-27 15:22:36,4000,0.3143,0.1387,100.00,STABLE,Normal,1013.66
2026-02-27 15:22:37,4200,0.3623,0.1310,100.00,STABLE,Normal,1013.66
2026-02-27 15:22:37,4400,0.3701,0.1462,100.00,STABLE,Normal,1013.66
2026-02-27 15:22:38,4600,0.4262,0.1454,100.00,STABLE,Normal,1013.66
2026-02-27 15:22:38,4800,0.4854,0.0574,100.00,STABLE,Normal,1013.66
2026-02-27 15:22:39,5000,0.4978,0.1315,100.00,STABLE,Normal,1013.66
2026-02-27 15:22:39,5200,0.5320,0.1588,100.00,STABLE,Normal,1013.66
2026-02-27 15:22:40,5400,0.5781,0.1275,100.00,STABLE,Normal,1013.66
2026-02-27 15:22:41,5600,0.6318,0.1433,100.00,STABLE,Normal,1013.66
2026-02-27 15:22:41,5800,0.6827,0.1358,100.00,STABLE,Normal,1013.66
2026-02-27 15:22:42,6000,0.7291,0.1461,100.00,STABLE,Normal,1013.66
2026-02-27 15:22:42,6200,0.7798,0.1401,100.00,STABLE,Normal,1013.66
2026-02-27 15:22:43,6400,0.8266,0.1321,100.00,STABLE,Normal,1013.66
2026-02-27 15:22:43,6600,0.8762,0.0929,100.00,STABLE,Normal,1013.66
2026-02-27 15:22:44,6800,0.9357,0.1195,100.00,STABLE,Normal,1013.66
2026-02-27 15:22:44,7000,0.9766,0.1130,100.00,STABLE,Normal,1013.66
2026-02-27 15:22:45,7200,1.0455,0.0128,100.00,STABLE,Normal,1013.66
2026-02-27 15:22:46,7400,1.1017,0.0520,100.00,STABLE,Normal,1013.66
2026-02-27 15:22:46,7600,1.1686,0.0509,100.00,STABLE,Normal,1013.66
2026-02-27 15:22:47,7800,1.2279,0.0610,100.00,STABLE,Normal,1013.66
2026-02-27 15:22:47,8000,1.2785,-0.0050,99.95,STABLE,Normal,999.93
2026-02-27 15:22:48,7800,1.2225,0.0455,100.00,STABLE,Normal,999.93
2026-02-27 15:22:48,7600,1.1433,0.0500,100.00,STABLE,Normal,999.93
2026-02-27 15:22:49,7400,1.1307,0.0875,100.00,STABLE,Normal,999.93
2026-02-27 15:22:50,7200,1.0551,0.1126,100.00,STABLE,Normal,999.93
2026-02-27 15:22:50,7000,0.9874,0.1156,100.00,STABLE,Normal,999.93
2026-02-27 15:22:51,6800,0.9299,0.0859,100.00,STABLE,Normal,999.93
2026-02-27 15:22:51,6600,0.8807,0.1175,100.00,STABLE,Normal,999.93
2026-02-27 15:22:52,6400,0.8319,0.0837,100.00,STABLE,Normal,999.93
2026-02-27 15:22:52,6200,0.7580,0.1272,100.00,STABLE,Normal,999.93
2026-02-27 15:22:53,6000,0.7161,0.1153,100.00,STABLE,Normal,999.93
2026-02-27 15:22:53,5800,0.6929,0.1372,100.00,STABLE,Normal,999.93
2026-02-27 15:22:54,5600,0.6412,0.1561,100.00,STABLE,Normal,999.93
2026-02-27 15:22:55,5400,0.5821,0.1066,100.00,STABLE,Normal,999.93
2026-02-27 15:22:55,5200,0.5354,0.1396,100.00,STABLE,Normal,999.93
2026-02-27 15:22:56,5000,0.5196,0.1350,100.00,STABLE,Normal,999.93
2026-02-27 15:22:56,4800,0.4577,0.1405,100.00,STABLE,Normal,999.93
2026-02-27 15:22:57,4600,0.4456,0.1368,100.00,STABLE,Normal,999.93
2026-02-27 15:22:57,4400,0.3730,0.1226,100.00,STABLE,Normal,999.93
2026-02-27 15:22:58,4200,0.3531,0.1418,100.00,STABLE,Normal,999.93
2026-02-27 20:53:11,1200,0.0214,0.0878,100.00,STABLE,Normal,100.00
2026-02-27 21:45:14,1200,0.0264,0.0942,100.00,STABLE,Normal,100.00
2026-02-27 21:45:14,1400,0.0491,0.1043,100.00,STABLE,Normal,100.00
2026-02-27 21:45:15,1600,0.0371,0.1411,100.00,STABLE,Normal,100.00
2026-02-27 21:45:16,1800,0.0762,0.1667,100.00,STABLE,Normal,100.00
2026-02-27 21:45:16,2000,0.0748,0.1556,100.00,STABLE,Normal,100.00
2026-02-27 21:45:17,2200,0.1099,0.1327,100.00,STABLE,Normal,100.00
2026-02-27 21:45:17,2400,0.1387,0.1733,100.00,STABLE,Normal,100.00
2026-02-27 21:45:18,2600,0.1422,0.1767,100.00,STABLE,Normal,100.00
2026-02-27 21:45:19,2800,0.1579,0.1758,100.00,STABLE,Normal,100.00
2026-02-27 21:45:19,3000,0.1783,0.1787,100.00,STABLE,Normal,100.00
2026-02-27 21:45:20,3200,0.2034,0.1719,100.00,STABLE,Normal,100.00
2026-02-27 21:45:20,3400,0.2310,0.1795,100.00,STABLE,Normal,100.00
2026-02-27 21:45:21,3600,0.2495,0.1539,100.00,STABLE,Normal,100.00
2026-02-27 21:45:22,3800,0.2877,0.1611,100.00,STABLE,Normal,100.00
2026-02-27 21:45:22,4000,0.3214,0.1462,100.00,STABLE,Normal,100.00
2026-02-27 21:45:23,4200,0.3587,0.0667,100.00,STABLE,Normal,100.00
2026-02-27 21:45:24,4400,0.3738,0.1271,100.00,STABLE,Normal,100.00
2026-02-27 21:45:24,4600,0.4374,0.1252,100.00,STABLE,Normal,100.00
2026-02-27 21:45:25,4800,0.4608,0.1531,100.00,STABLE,Normal,100.00
2026-02-27 21:45:25,5000,0.4998,0.1164,100.00,STABLE,Normal,100.00
2026-02-27 21:45:26,5200,0.5234,0.1354,100.00,STABLE,Normal,100.00
2026-02-27 21:45:27,5400,0.5735,0.1495,100.00,STABLE,Normal,100.00
2026-02-27 21:45:27,5600,0.6203,0.1146,100.00,STABLE,Normal,100.00
2026-02-27 21:45:28,5800,0.6823,0.1334,100.00,STABLE,Normal,100.00
2026-02-27 21:45:28,6000,0.7427,0.1198,100.00,STABLE,Normal,100.00
2026-02-27 21:45:29,6200,0.7650,0.1319,100.00,STABLE,Normal,100.00
2026-02-27 21:45:30,6400,0.8576,0.1181,100.00,STABLE,Normal,100.00
2026-02-27 21:45:30,6600,0.8801,0.0854,100.00,STABLE,Normal,100.00
